{
	"$baseURI": "https://yal.cc/r/20/pixelfont/",
	"$version": "1.0",
	"in-glyphs": [
		" !\\\"#$%&'()*+,-/",
		"0123456789:;<=>?",
		".ABCDEFGHIJKLMNO",
		"PQRSTUVWXYZ[]^_@",
		"`abcdefghijklmno",
		"pqrstuvwxyz{|}~∎",
		"¡¢£¤¥¦§¨ª«¬¯°±²³",
		"´µ¶·¸¹º»¼½¾¿€ÀÁÂ",
		"ÃÄÅÆÇÈÉÊËÌÍÎÏÐÑÒ",
		"ÓÔÕÖ×ØÙÚÛÜÝÞßàáâ",
		"ãäåæçèéêëìíîïðñò",
		"óôõö÷øùúûüýþÿĀāĂ",
		"ăĄąĆćĈĉĊċČčĎďĐđĒ",
		"ēĔĕĖėĘęĚěĜĝĞğĠġĢ",
		"ģĤĥĦħĨĩĪīĬĭĮįİıĴ",
		"ĵĶķĸĹĺĻļĽľĿŀŁłŃń",
		"ŅņŇňŉŊŋŌōŎŏŐőŒœŔ",
		"ŕŖŗŘřŚśŜŝŞşŠšŢţŤ",
		"ťŦŧŨũŪūŬŭŮůŰűŲųŴ",
		"ŵŶŷŸŹźŻżŽž•◦≤≥",
		"—–‽π∞↑↓→←≠©™®β♂♀",
		"☿⚥⚲🜬⚧∠⊥∑∆φ∏⋂⋃σ⊂",
		"∨⊃∀∃∴∈ε√⚪︎"
	],
	"glyph-color": "auto",
	"in-kerning": [
		""
	],
	"glyph-width": 14,
	"glyph-height": 28,
	"glyph-ofs-x": 1,
	"glyph-ofs-y": 1,
	"glyph-sep-x": 1,
	"glyph-sep-y": 1,
	"glyph-base-x": 0,
	"glyph-baseline": 22,
	"glyph-spacing": 1,
	"font-is-mono": true,
	"font-em-square": 1024,
	"font-line-gap": 0,
	"font-ascend": 804.571,
	"font-descend": -220.429,
	"font-px-size": 36.571,
	"contour-type": "pixel",
	"font-type": "ttf",
	"font-name": "Not Jam Giant UI 28",
	"font-author": "Not Jam",
	"font-copy": "CC0",
	"font-version": "1.0.0",
	"font-desc": "A bold weight pixel font, intended for UI elements that should draw the eye.",
	"font-license": "CC0",
	"font-license-url": "",
	"font-sample-text": "The quick brown fox jumps over a lazy dog.",
	"font-preview-text": [
		"THE QUICK BROWN FOX JUMPS OVER A LAZY DOG.",
		"the quick brown fox jumps over a lazy dog.",
		"0123456789"
	]
}